id,Year,Geography,Total Population,Male (%),Female (%),Bachelor's Degree (%),"Yearly Income, per Capita",Average Earnings (Male),Average Earnings (Female),Median Earnings (Male),Median Earnings (Female)
1,2017,Alabama,4874747,48.4,51.6,25.5,26498,62835,43556,48199,35414
2,2017,Alaska,739795,52.1,47.9,28.8,34222,70738,58311,57943,47472
3,2017,Arizona,7016270,49.7,50.3,29.4,29420,64911,50089,46681,39675
4,2017,Arkansas,3004279,49.3,50.7,23.4,25316,59137,41375,43266,34154
5,2017,California,39536653,49.7,50.3,33.6,35046,78557,62059,52487,46783
6,2017,Colorado,5607154,50.3,49.7,41.2,36345,75202,55498,54869,44733
7,2017,Connecticut,3588184,48.8,51.2,38.7,42029,94459,65932,62976,52120
8,2017,Delaware,961939,48.4,51.6,31.5,33887,73402,57569,54657,47052
9,2017,District of Columbia,693972,47.4,52.6,57.3,52500,105006,84731,74877,66679
10,2017,Florida,20984400,48.9,51.1,29.7,29838,62986,47414,42261,36746
11,2017,Georgia,10429379,48.6,51.4,30.9,29668,68251,49367,47114,38958
12,2017,Hawaii,1427538,50.2,49.8,32.9,33882,65214,51786,51594,41664
13,2017,Idaho,1716943,50.2,49.8,26.8,26386,61197,42016,46241,34665
14,2017,Illinois,12802023,49.2,50.8,34.4,34196,77453,55900,55585,43149
15,2017,Indiana,6666818,49.3,50.7,26.8,28323,64252,45822,50782,37167
16,2017,Iowa,3145711,49.7,50.3,28.9,30865,63585,46882,50295,39658
17,2017,Kansas,2913123,49.9,50.1,33.7,30146,64513,46465,49267,37931
18,2017,Kentucky,4454189,49.3,50.7,24,26779,60856,45148,46289,36487
19,2017,Louisiana,4684333,48.9,51.1,23.8,25885,64762,42652,50445,34708
20,2017,Maine,1335907,49,51,32.1,31088,60550,49703,49476,40618
21,2017,Maryland,6052177,48.5,51.5,39.7,39960,81981,65680,61263,52381
22,2017,Massachusetts,6859819,48.6,51.4,43.4,41821,91147,68519,65939,54646
23,2017,Michigan,9962311,49.3,50.7,29.1,30488,69179,50221,51749,40453
24,2017,Minnesota,5576606,49.9,50.1,36.1,36156,75650,57193,55812,45798
25,2017,Mississippi,2984100,48.5,51.5,21.9,23121,55150,40017,42287,32441
26,2017,Missouri,6113532,49.1,50.9,29.1,29438,63371,47280,47436,37339
27,2017,Montana,1050493,50.1,49.9,32.3,29428,59107,44131,45616,35964
28,2017,Nebraska,1920076,50,50,31.7,30915,63199,47197,50293,38726
29,2017,Nevada,2998039,50.2,49.8,24.9,30166,61703,48071,45439,37880
30,2017,New Hampshire,1342795,49.6,50.4,36.9,38237,77229,57746,57966,46044
31,2017,New Jersey,9005644,48.8,51.2,39.7,40567,91352,65973,64497,51538
32,2017,New Mexico,2088070,49.5,50.5,27.1,25311,57518,44253,42690,35523
33,2017,New York,19849399,48.6,51.4,36,37156,82900,63400,55636,48901
34,2017,North Carolina,10273419,48.7,51.3,31.3,29560,64574,48449,46289,38784
35,2017,North Dakota,755393,51.4,48.6,30.7,34041,66642,49627,51563,40964
36,2017,Ohio,11658609,49,51,28,30038,66098,48743,51000,39774
37,2017,Oklahoma,3930864,49.6,50.4,25.5,26472,61092,42881,46114,35488
38,2017,Oregon,4142776,49.6,50.4,33.7,31950,66971,53114,50965,41572
39,2017,Pennsylvania,12805537,49,51,31.4,32711,71792,53486,52111,41929
40,2017,Rhode Island,1059639,48.4,51.6,33.5,34511,72715,56781,55183,46146
41,2017,South Carolina,5024369,48.5,51.5,28,27909,62032,43835,45477,35142
42,2017,South Dakota,869666,50.4,49.6,28.1,29611,59957,43622,46170,35424
43,2017,Tennessee,6715984,48.7,51.3,27.3,28764,62991,46495,45032,36812
44,2017,Texas,28304596,49.7,50.3,29.6,29525,69201,49458,49414,40236
45,2017,Utah,3101833,50.4,49.6,34.6,28085,69057,46642,52249,37252
46,2017,Vermont,623657,49.4,50.6,38.3,32443,61960,50883,48924,41976
47,2017,Virginia,8470020,49.2,50.8,38.7,37442,78756,59018,57690,45692
48,2017,Washington,7405743,49.9,50.1,35.5,36975,81093,59833,60893,47681
49,2017,West Virginia,1815857,49.4,50.6,20.2,24478,59048,42557,47425,35078
50,2017,Wisconsin,5795483,49.7,50.3,30.4,31998,66993,49795,51346,40930
51,2017,Wyoming,579315,51.1,48.9,27.6,30883,65981,44869,51948,40200
52,2016,Alabama,4863300,48.4,51.6,24.7,25810,61686,41722,47034,35012
53,2016,Alaska,741894,52.6,47.4,29.6,34187,71455,54221,56422,47518
54,2016,Arizona,6931071,49.7,50.3,28.9,27997,64065,48115,46386,37966
55,2016,Arkansas,2988248,49.2,50.8,22.4,24264,56129,40745,41156,32242
56,2016,California,39250017,49.7,50.3,32.9,33389,76464,60023,51417,45489
57,2016,Colorado,5540545,50.4,49.6,39.9,34542,70708,54979,51264,43206
58,2016,Connecticut,3576452,48.8,51.2,38.6,41087,93524,63279,64220,50991
59,2016,Delaware,952065,48.3,51.7,31,31712,67154,53529,50924,41771
60,2016,District of Columbia,681170,47.5,52.5,56.8,50567,98538,83344,75343,64908
61,2016,Florida,20612439,48.9,51.1,28.6,28621,61318,45338,41586,36112
62,2016,Georgia,10310371,48.7,51.3,30.5,28183,65342,48178,46712,38278
63,2016,Hawaii,1428557,50.3,49.7,31.9,32634,63634,50587,49373,41224
64,2016,Idaho,1683140,50,50,27.6,25678,59938,41898,45305,34403
65,2016,Illinois,12801539,49.1,50.9,34,32849,74284,54747,53111,42108
66,2016,Indiana,6633053,49.3,50.7,25.6,27464,62399,45243,49157,36440
67,2016,Iowa,3134693,49.7,50.3,28.4,30047,63298,45202,49385,37791
68,2016,Kansas,2907289,49.8,50.2,32.8,28950,63338,45117,47891,37091
69,2016,Kentucky,4436974,49.1,50.9,23.4,26046,60140,44053,45521,36259
70,2016,Louisiana,4681666,49,51,23.4,25664,65391,41997,50031,34793
71,2016,Maine,1331479,48.9,51.1,30.1,29604,60245,48194,47890,40240
72,2016,Maryland,6016447,48.5,51.5,39.3,38662,80994,63402,61321,51247
73,2016,Massachusetts,6811779,48.5,51.5,42.7,39771,87014,64871,62868,51666
74,2016,Michigan,9928300,49.2,50.8,28.3,29128,67675,48987,50869,39825
75,2016,Minnesota,5519952,49.8,50.2,34.8,34515,71517,55406,53200,44132
76,2016,Mississippi,2988726,48.2,51.8,21.8,22694,55498,38779,42146,31757
77,2016,Missouri,6093000,49.1,50.9,28.5,28406,62837,45058,46543,36514
78,2016,Montana,1042520,50.5,49.5,31,28933,61041,42207,46545,34028
79,2016,Nebraska,1907116,49.8,50.2,31.4,29910,62540,45060,47352,36699
80,2016,Nevada,2940058,50.1,49.9,23.5,28117,60667,45952,45326,36681
81,2016,New Hampshire,1334795,49.8,50.2,36.6,36320,73137,54492,53581,44550
82,2016,New Jersey,8944469,48.9,51.1,38.6,38911,89170,63792,62311,50574
83,2016,New Mexico,2081015,49.5,50.5,27.2,25146,58636,43016,42297,34668
84,2016,New York,19745289,48.5,51.5,35.7,35534,80871,61142,53124,47358
85,2016,North Carolina,10146788,48.6,51.4,30.4,28156,62699,47263,45180,36987
86,2016,North Dakota,757953,51.5,48.5,29.6,33339,67438,45302,51789,38407
87,2016,Ohio,11614373,49,51,27.5,29164,65052,47596,50227,38750
88,2016,Oklahoma,3923561,49.5,50.5,25.2,25880,60216,41675,46027,33972
89,2016,Oregon,4093465,49.5,50.5,32.7,30822,66501,50627,50676,40193
90,2016,Pennsylvania,12784227,49,51,30.8,31272,70046,51195,51780,41047
91,2016,Rhode Island,1056426,48.4,51.6,34.1,33008,71042,53431,53400,43541
92,2016,South Carolina,4961119,48.5,51.5,27.2,27016,59425,43063,45038,35043
93,2016,South Dakota,865454,50.3,49.7,28.9,28585,58662,43140,45384,35436
94,2016,Tennessee,6651194,48.8,51.2,26.1,27087,60811,44109,43661,35916
95,2016,Texas,27862596,49.6,50.4,28.9,28714,67445,48091,47351,37576
96,2016,Utah,3051217,50.4,49.6,32.6,26993,67216,43693,51099,36022
97,2016,Vermont,624594,49.3,50.7,36.4,31836,61110,50681,47840,41122
98,2016,Virginia,8411808,49.2,50.8,38.1,36206,76418,58160,55817,44798
99,2016,Washington,7288000,49.9,50.1,35.1,35284,77745,57215,58864,45056
100,2016,West Virginia,1831102,49.2,50.8,20.8,24769,59333,40590,46029,33228
101,2016,Wisconsin,5778709,49.7,50.3,29.5,30902,64101,47786,50399,39440
102,2016,Wyoming,585501,50.9,49.1,27.1,30042,64625,44954,51234,39338
103,2015,Alabama,4858979,48.4,51.6,24.2,24769,58655,40772,45057,34310
104,2015,Alaska,738432,52.6,47.4,29.7,34352,69170,52903,55752,43455
105,2015,Arizona,6828065,49.6,50.4,27.7,26721,60980,46434,44421,37084
106,2015,Arkansas,2978204,49.1,50.9,21.8,23589,55540,40188,40570,32003
107,2015,California,39144818,49.7,50.3,32.3,31587,72875,57276,50562,43335
108,2015,Colorado,5456574,50.2,49.8,39.2,33563,70656,52453,51628,41690
109,2015,Connecticut,3590886,48.8,51.2,38.3,39430,90620,62701,61666,50802
110,2015,Delaware,945934,48.4,51.6,30.9,31441,66919,53211,51037,45192
111,2015,District of Columbia,672228,47.6,52.4,56.7,50187,100285,80455,72230,62191
112,2015,Florida,20271272,48.8,51.2,28.4,27697,59728,44386,41105,35604
113,2015,Georgia,10214860,48.7,51.3,29.9,26810,63307,46450,45396,36650
114,2015,Hawaii,1431603,50.6,49.4,31.4,31052,60276,48703,48074,40434
115,2015,Idaho,1654930,50,50,26,24273,57714,38618,43264,31808
116,2015,Illinois,12859995,49.1,50.9,32.9,31867,73583,52690,52161,41327
117,2015,Indiana,6619680,49.1,50.9,24.9,26396,60575,43474,47092,35753
118,2015,Iowa,3123899,49.6,50.4,26.8,28628,60617,42787,47298,36264
119,2015,Kansas,2911641,49.8,50.2,31.7,28852,63358,43946,47864,36671
120,2015,Kentucky,4425092,49.1,50.9,23.3,25082,57606,42053,43037,35294
121,2015,Louisiana,4670724,48.9,51.1,23.2,25456,63850,41006,49730,33832
122,2015,Maine,1329328,49,51,30.1,28437,59774,44549,46934,36841
123,2015,Maryland,6006401,48.5,51.5,38.8,37522,78655,61000,60591,50635
124,2015,Massachusetts,6794422,48.5,51.5,41.5,38130,84941,63065,61761,51343
125,2015,Michigan,9922576,49.2,50.8,27.8,27865,64879,46554,50479,37486
126,2015,Minnesota,5489594,49.7,50.3,34.7,33425,70344,52697,51979,42137
127,2015,Mississippi,2992333,48.4,51.6,20.8,21291,52139,37531,41092,31110
128,2015,Missouri,6083672,49,51,27.8,27384,60772,44242,45897,35759
129,2015,Montana,1032949,50.2,49.8,30.6,27735,58297,41050,46123,33443
130,2015,Nebraska,1896190,49.7,50.3,30.2,29000,59769,43614,46763,36834
131,2015,Nevada,2890845,50.1,49.9,23.6,27220,57807,45574,43681,36565
132,2015,New Hampshire,1330608,49.4,50.6,35.7,35925,76386,53156,56525,43172
133,2015,New Jersey,8958013,48.8,51.2,37.6,37245,86695,61748,61462,50373
134,2015,New Mexico,2085109,49.6,50.4,26.5,24388,54664,43674,41440,35070
135,2015,New York,19795791,48.6,51.4,35,34297,77548,59326,52124,46208
136,2015,North Carolina,10042802,48.8,51.2,29.4,26801,59977,45231,42039,36113
137,2015,North Dakota,756928,51.3,48.7,29.1,34063,69099,42370,52031,37016
138,2015,Ohio,11613423,48.9,51.1,26.8,28001,63792,45690,50051,37365
139,2015,Oklahoma,3911338,49.6,50.4,24.6,25762,59388,40342,43829,32096
140,2015,Oregon,4028977,49.4,50.6,32.2,29117,63200,48005,48001,38774
141,2015,Pennsylvania,12802503,48.9,51.1,29.7,30384,67818,49421,50976,40214
142,2015,Rhode Island,1056298,48.4,51.6,32.7,31888,68326,53112,51368,44050
143,2015,South Carolina,4896146,48.7,51.3,26.8,25627,57032,41916,42238,34182
144,2015,South Dakota,858469,50.3,49.7,27.5,27624,56608,39647,42605,33268
145,2015,Tennessee,6600299,48.7,51.3,25.7,26216,59809,42816,42525,34427
146,2015,Texas,27469114,49.6,50.4,28.4,28210,66619,46973,46791,36934
147,2015,Utah,2995919,50.3,49.7,31.8,25816,65245,43706,50741,36060
148,2015,Vermont,626042,49.3,50.7,36.9,31216,62040,46833,47960,40173
149,2015,Virginia,8382993,49.2,50.8,37,34780,74812,55397,54392,42342
150,2015,Washington,7170351,50,50,34.2,33486,74547,55691,56215,44422
151,2015,West Virginia,1844128,49.3,50.7,19.6,23539,56295,40347,45082,31824
152,2015,Wisconsin,5771337,49.7,50.3,28.4,29563,61972,46053,49306,38594
153,2015,Wyoming,586107,50.3,49.7,26.2,31383,67386,42467,55965,36064
154,2014,Alabama,4849377,48.4,51.6,23.5,23606,58188,39910,44245,32136
155,2014,Alaska,736732,52.3,47.7,28,33062,68809,53396,57318,46288
156,2014,Arizona,6731484,49.7,50.3,27.6,25715,60320,46177,43945,36916
157,2014,Arkansas,2966369,49.1,50.9,21.4,22883,54397,38663,39916,31161
158,2014,California,38802500,49.6,50.4,31.7,30441,72098,56486,50539,42486
159,2014,Colorado,5355866,50.3,49.7,38.3,32357,69082,51546,50898,41690
160,2014,Connecticut,3596677,48.8,51.2,38,39373,90428,64054,61385,50706
161,2014,Delaware,935614,48.5,51.5,30.6,30488,65666,50644,50976,41278
162,2014,District of Columbia,658893,47.4,52.6,55,45877,92181,79273,68932,61718
163,2014,Florida,19893297,48.9,51.1,27.3,26582,58752,43035,40971,34768
164,2014,Georgia,10097343,48.7,51.3,29.1,25615,62698,45772,44623,36468
165,2014,Hawaii,1419561,50.5,49.5,31,29736,58884,48125,46786,40162
166,2014,Idaho,1634464,50,50,25,23938,58426,37944,42624,31019
167,2014,Illinois,12880580,49.1,50.9,32.8,30417,71055,51611,51652,40898
168,2014,Indiana,6596855,49.2,50.8,24.7,25140,59164,41909,46273,34846
169,2014,Iowa,3107126,49.7,50.3,27.7,28361,60031,43127,47202,36522
170,2014,Kansas,2904021,49.8,50.2,31.5,27870,62913,43485,46951,36162
171,2014,Kentucky,4413457,49.3,50.7,22.2,23684,54969,41642,42203,33704
172,2014,Louisiana,4649676,48.9,51.1,22.9,24800,62337,39404,48382,31586
173,2014,Maine,1330089,48.7,51.3,29.4,27978,59963,42921,45784,36137
174,2014,Maryland,5976407,48.5,51.5,38.2,36338,77636,61387,59085,50481
175,2014,Massachusetts,6745408,48.5,51.5,41.2,37288,84782,62083,61611,50459
176,2014,Michigan,9909877,49.1,50.9,27.4,26613,64119,46141,50157,37419
177,2014,Minnesota,5457173,49.7,50.3,34.3,32638,70229,52381,51625,42066
178,2014,Mississippi,2994079,48.7,51.3,21.1,21036,53276,37613,40850,31465
179,2014,Missouri,6063589,49,51,27.5,26126,60492,42954,45611,35311
180,2014,Montana,1023579,50.2,49.8,29.3,25989,54488,39520,42679,31696
181,2014,Nebraska,1881503,49.8,50.2,29.5,27446,57832,41649,44533,35101
182,2014,Nevada,2839099,50.3,49.7,23.1,25773,56051,43878,42294,35993
183,2014,New Hampshire,1326813,49.4,50.6,35,34691,73758,51800,55617,42052
184,2014,New Jersey,8938175,48.8,51.2,37.4,36593,84864,60982,60870,48943
185,2014,New Mexico,2085572,49.5,50.5,26.4,23683,54063,42438,41561,32473
186,2014,New York,19746227,48.5,51.5,34.5,33095,76685,58637,51580,44781
187,2014,North Carolina,9943964,48.7,51.3,28.7,25774,59865,44131,41857,35481
188,2014,North Dakota,739482,50.9,49.1,27.4,33071,69131,42039,50624,36087
189,2014,Ohio,11594163,49,51,26.6,26937,62183,45327,47737,37140
190,2014,Oklahoma,3878051,49.5,50.5,24.2,25229,58239,39228,43803,32186
191,2014,Oregon,3970239,49.5,50.5,30.8,27646,62768,47981,47194,38801
192,2014,Pennsylvania,12787209,48.9,51.1,29,29220,66652,49151,50412,39905
193,2014,Rhode Island,1055173,48.5,51.5,30.4,30830,68927,51208,50765,41469
194,2014,South Carolina,4832482,48.7,51.3,26.3,24596,56294,40932,41991,33719
195,2014,South Dakota,853175,50.1,49.9,27.8,26959,55507,38140,42034,32048
196,2014,Tennessee,6549352,48.7,51.3,25.3,24922,58555,41629,41661,34009
197,2014,Texas,26956958,49.7,50.3,27.8,27125,65180,45710,46235,36428
198,2014,Utah,2942902,50.3,49.7,31.1,24877,65901,41255,50937,34351
199,2014,Vermont,626562,49.2,50.8,34.9,29178,59273,46128,46911,39322
200,2014,Virginia,8326289,49.2,50.8,36.7,34052,74464,54946,52864,42445
201,2014,Washington,7061530,50,50,33.1,31841,71404,53248,54358,41926
202,2014,West Virginia,1850326,49.4,50.6,19.2,22714,54882,38710,45272,31712
203,2014,Wisconsin,5757564,49.6,50.4,28.4,28213,60880,45240,47518,37481
204,2014,Wyoming,584153,50.9,49.1,26.6,29698,61611,42792,51926,35652
205,2013,Alabama,4833722,48.4,51.6,23.5,23384,57671,39954,42913,32451
206,2013,Alaska,735132,52.6,47.4,28,32474,68223,50507,55639,42350
207,2013,Arizona,6626624,49.8,50.2,27.4,25164,60403,45417,44284,37021
208,2013,Arkansas,2959373,49.4,50.6,20.6,21927,53415,38036,40306,31015
209,2013,California,38332521,49.8,50.2,31,29513,71101,55465,50268,42199
210,2013,Colorado,5268367,50.2,49.8,37.8,31421,69251,50063,50950,40671
211,2013,Connecticut,3596080,48.7,51.3,37.2,37726,89577,59687,60990,47623
212,2013,Delaware,925749,48.4,51.6,29.8,29484,63612,51769,50413,41655
213,2013,District of Columbia,646449,47.4,52.6,55.1,45477,98171,75313,67610,61760
214,2013,Florida,19552860,48.9,51.1,27.2,25834,58241,42623,40809,34419
215,2013,Georgia,9992167,48.8,51.2,28.3,24923,61781,44615,43084,35626
216,2013,Hawaii,1404054,50.6,49.4,31.2,29577,59713,47313,48440,40370
217,2013,Idaho,1612136,50.3,49.7,26.2,22652,55150,38016,41278,31368
218,2013,Illinois,12882135,49.1,50.9,32.1,29856,71913,50841,51510,40679
219,2013,Indiana,6570902,49.1,50.9,23.8,24796,60180,41405,46300,34180
220,2013,Iowa,3090416,49.5,50.5,26.4,27740,58961,41503,45930,35602
221,2013,Kansas,2893957,49.8,50.2,31.1,27175,60756,43217,45463,35869
222,2013,Kentucky,4395295,49.2,50.8,22.6,23668,56050,40507,42425,32951
223,2013,Louisiana,4625470,48.8,51.2,22.5,24695,62049,39357,48318,31865
224,2013,Maine,1328302,48.9,51.1,28.2,26630,57469,42200,43950,35420
225,2013,Maryland,5928814,48.5,51.5,37.4,36177,77767,60021,58746,50211
226,2013,Massachusetts,6692824,48.5,51.5,40.3,35879,82040,60845,60588,49470
227,2013,Michigan,9895622,49.1,50.9,26.9,25918,62905,45866,49449,37258
228,2013,Minnesota,5420380,49.6,50.4,33.5,31358,67879,50757,51340,41082
229,2013,Mississippi,2991207,48.5,51.5,20.4,20156,51997,35547,39956,30667
230,2013,Missouri,6044171,49,51,27,25384,59162,41449,43921,34708
231,2013,Montana,1015165,49.9,50.1,29,26054,56844,39220,42942,31564
232,2013,Nebraska,1868516,49.5,50.5,29.4,27093,58477,40802,45037,33385
233,2013,Nevada,2790136,50.3,49.7,22.5,25918,58349,43885,42682,35557
234,2013,New Hampshire,1323459,49.3,50.7,34.6,33269,70893,50369,52954,41542
235,2013,New Jersey,8899339,48.8,51.2,36.6,35728,84860,60212,60815,48640
236,2013,New Mexico,2085287,49.6,50.4,26.4,23334,56072,41410,42305,34591
237,2013,New York,19651127,48.5,51.5,34.1,32514,75949,57340,51414,44114
238,2013,North Carolina,9848060,48.7,51.3,28.4,25377,59797,43464,42146,34917
239,2013,North Dakota,723393,51,49,27.1,30855,62741,41257,49231,34549
240,2013,Ohio,11570808,48.9,51.1,26.1,26354,61611,44813,47323,36569
241,2013,Oklahoma,3850568,49.5,50.5,23.8,24284,56943,38646,42116,31539
242,2013,Oregon,3930065,49.5,50.5,30.7,27048,61263,48086,46679,37555
243,2013,Pennsylvania,12773801,48.9,51.1,28.7,28647,66815,47549,50231,38368
244,2013,Rhode Island,1051511,48.8,51.2,32.4,30748,68085,52597,51695,42455
245,2013,South Carolina,4774839,48.6,51.4,26.1,23687,54760,39629,41599,32385
246,2013,South Dakota,844877,50.2,49.8,26.6,25860,56242,35740,41328,31038
247,2013,Tennessee,6495978,48.9,51.1,24.8,24678,57571,42075,41493,34301
248,2013,Texas,26448193,49.7,50.3,27.5,26327,63655,45280,45820,36032
249,2013,Utah,2900872,50.3,49.7,31.3,24250,63974,40714,50396,35252
250,2013,Vermont,626630,49.3,50.7,35.7,29136,60489,46149,46175,38316
251,2013,Virginia,8260405,49.2,50.8,36.1,33145,72822,53998,52453,41545
252,2013,Washington,6971406,49.9,50.1,32.7,30672,70388,52386,52482,41897
253,2013,West Virginia,1854304,49.4,50.6,18.9,23159,56706,38240,44994,31240
254,2013,Wisconsin,5742713,49.7,50.3,27.7,27448,60249,44237,46801,36884
255,2013,Wyoming,582658,51.1,48.9,26.6,28889,61278,41222,51708,35829
256,2012,Alabama,4822023,48.5,51.5,23.3,22815,57577,38450,44567,31674
257,2012,Alaska,731449,52.1,47.9,28,31890,66089,51386,57068,42345
258,2012,Arizona,6553255,49.8,50.2,27.3,24600,58949,43689,43618,35974
259,2012,Arkansas,2949131,49.1,50.9,21,21643,51469,36790,40153,30843
260,2012,California,38041430,49.7,50.3,30.9,28341,69135,54003,50139,41956
261,2012,Colorado,5187582,50.1,49.9,37.5,30329,67316,48852,50509,40402
262,2012,Connecticut,3590347,48.7,51.3,37.1,36891,88496,59158,61097,47900
263,2012,Delaware,917092,48.5,51.5,29.5,28705,63383,49251,50689,41120
264,2012,District of Columbia,632323,47.3,52.7,53,45307,95228,77365,66754,60116
265,2012,Florida,19317568,48.9,51.1,26.8,25428,58002,41921,40889,34202
266,2012,Georgia,9919945,48.9,51.1,28.2,24321,61439,43667,43707,35479
267,2012,Hawaii,1392313,50.4,49.6,30.1,28099,55867,45704,45748,38040
268,2012,Idaho,1595728,50.1,49.9,25.5,22053,53537,37100,41664,31296
269,2012,Illinois,12875255,49.1,50.9,31.6,28741,68691,49725,51262,40309
270,2012,Indiana,6537334,49.2,50.8,23.4,23898,57348,40433,45620,33419
271,2012,Iowa,3074186,49.6,50.4,26.3,26436,56423,40851,45305,35106
272,2012,Kansas,2885905,49.7,50.3,30.4,26390,59834,40832,44765,34131
273,2012,Kentucky,4380415,49.2,50.8,21.8,22722,54776,39401,42321,32157
274,2012,Louisiana,4601893,48.9,51.1,22,23800,60908,38334,47249,31586
275,2012,Maine,1329192,49,51,28,26020,54870,41781,42280,35057
276,2012,Maryland,5884563,48.4,51.6,36.9,35144,75588,59041,57447,49000
277,2012,Massachusetts,6646144,48.4,51.6,39.3,34907,80941,59015,60243,47651
278,2012,Michigan,9883360,49.1,50.9,26,25074,62866,44514,49897,36772
279,2012,Minnesota,5379139,49.6,50.4,33.2,30529,67295,48770,50885,40595
280,2012,Mississippi,2984926,48.3,51.7,20.7,20119,52929,35929,40081,30287
281,2012,Missouri,6021988,49,51,26.4,24697,58387,40249,42974,32868
282,2012,Montana,1005141,50.1,49.9,29.4,25148,53083,37531,41656,31775
283,2012,Nebraska,1855525,49.7,50.3,29,26245,56098,39670,42878,33218
284,2012,Nevada,2758931,50.4,49.6,22.4,25331,56282,43300,42137,35941
285,2012,New Hampshire,1320718,49.1,50.9,34.6,32201,69740,50234,54136,41774
286,2012,New Jersey,8864590,48.7,51.3,36.2,34885,83625,58586,60878,47878
287,2012,New Mexico,2085538,49.6,50.4,26.1,22874,53379,40903,41211,33074
288,2012,New York,19570261,48.5,51.5,33.4,31290,73130,55280,51274,43000
289,2012,North Carolina,9752073,48.7,51.3,27.4,24435,57881,42082,41859,34421
290,2012,North Dakota,699628,51.1,48.9,27.9,30796,62686,39181,45888,33877
291,2012,Ohio,11544225,48.9,51.1,25.2,25445,60511,43309,46789,35984
292,2012,Oklahoma,3814820,49.5,50.5,23.8,23740,55685,37704,41415,31543
293,2012,Oregon,3899353,49.6,50.4,29.9,26011,61836,45290,47402,37381
294,2012,Pennsylvania,12763536,48.8,51.2,27.8,27774,64638,46421,49330,37414
295,2012,Rhode Island,1050292,48.3,51.7,31.4,29389,64501,51290,50975,41074
296,2012,South Carolina,4723723,48.6,51.4,25.1,23396,55542,39804,41740,32402
297,2012,South Dakota,833354,50.1,49.9,26.3,25275,53785,37608,40721,31792
298,2012,Tennessee,6456243,48.7,51.3,24.3,23692,57595,39768,41828,32398
299,2012,Texas,26059203,49.7,50.3,26.7,25359,62026,43809,44802,35453
300,2012,Utah,2855287,50.3,49.7,30.7,23213,60297,40909,48540,34062
301,2012,Vermont,626011,49.4,50.6,35.8,28818,58120,45949,44776,38017
302,2012,Virginia,8185867,49,51,35.5,32517,72226,52429,52125,41104
303,2012,Washington,6897012,49.9,50.1,31.7,29861,68882,50684,52529,41062
304,2012,West Virginia,1855413,49.1,50.9,18.6,22410,55665,37642,44159,30885
305,2012,Wisconsin,5726398,49.6,50.4,27.1,26994,59144,43833,46898,36535
306,2012,Wyoming,576412,50.8,49.2,24.7,27813,61138,39301,51932,33152
307,2011,Alabama,4802740,48.4,51.6,22.3,22711,56279,38349,42951,31862
308,2011,Alaska,722718,51.6,48.4,26.4,31405,66798,47441,52379,40550
309,2011,Arizona,6482505,49.8,50.2,26.6,23793,57461,43743,42544,36048
310,2011,Arkansas,2937979,49.3,50.7,20.3,21203,50605,36908,37488,30752
311,2011,California,37691912,49.7,50.3,30.3,27859,68497,53638,49281,41817
312,2011,Colorado,5116796,50.2,49.8,36.7,29804,67238,48172,50987,40236
313,2011,Connecticut,3580709,48.7,51.3,36.2,35932,85596,58918,60705,47476
314,2011,Delaware,907135,48.5,51.5,28.8,29123,66739,48145,50411,40500
315,2011,District of Columbia,617996,47.3,52.7,52.5,44578,92900,74198,66760,60332
316,2011,Florida,19057542,48.9,51.1,25.8,24905,58120,41498,40951,33823
317,2011,Georgia,9815210,49,51,27.6,23604,59923,43296,43902,35438
318,2011,Hawaii,1374810,50.1,49.9,29.1,27353,55527,45489,45494,37242
319,2011,Idaho,1584985,50.2,49.8,25.2,21152,52199,36824,41528,31238
320,2011,Illinois,12869259,49,51,31,27880,68057,48293,50746,39150
321,2011,Indiana,6516922,49.2,50.8,23,23524,57088,41008,45183,34023
322,2011,Iowa,3062309,49.4,50.6,25.8,25667,56278,39742,43624,33745
323,2011,Kansas,2871238,49.6,50.4,30.1,25438,58809,39974,43993,33269
324,2011,Kentucky,4369356,49.1,50.9,21.1,22300,54115,39119,41612,32684
325,2011,Louisiana,4574836,48.9,51.1,21.1,22882,58936,37774,46313,31844
326,2011,Maine,1328188,49,51,28.4,25802,56963,40889,43944,34599
327,2011,Maryland,5828289,48.4,51.6,36.9,34500,74995,58547,56708,48748
328,2011,Massachusetts,6587536,48.4,51.6,39.1,34041,80260,56389,60264,46185
329,2011,Michigan,9876187,49.1,50.9,25.6,24409,62453,44819,50053,36931
330,2011,Minnesota,5344861,49.7,50.3,32.4,29404,65426,49025,50580,40416
331,2011,Mississippi,2978512,48.6,51.4,19.8,19583,52081,34986,40202,29548
332,2011,Missouri,6010688,49,51,26.1,24634,58094,41114,43146,33865
333,2011,Montana,998199,50.1,49.9,28.2,23893,50926,36279,41635,31067
334,2011,Nebraska,1842641,49.5,50.5,27.9,26243,56191,40009,42182,33424
335,2011,Nevada,2723322,50.4,49.6,22.5,24968,57239,43835,41803,35484
336,2011,New Hampshire,1318194,49.4,50.6,33.4,31871,68954,50067,53033,41021
337,2011,New Jersey,8821155,48.7,51.3,35.3,34090,82451,58026,60568,47155
338,2011,New Mexico,2082224,49.8,50.2,25.6,22829,55626,39959,41037,32316
339,2011,New York,19465197,48.5,51.5,32.9,30679,72521,54591,50388,42113
340,2011,North Carolina,9656401,48.5,51.5,26.9,24107,57755,42106,41950,33459
341,2011,North Dakota,683932,50.3,49.7,26.3,28055,57955,38433,44660,32462
342,2011,Ohio,11544951,48.9,51.1,24.7,24750,59150,43166,46176,35746
343,2011,Oklahoma,3791508,49.5,50.5,23.8,23016,54378,37311,41420,31274
344,2011,Oregon,3871859,49.4,50.6,29.3,25228,59725,43918,45976,36027
345,2011,Pennsylvania,12742886,48.8,51.2,27,26933,63414,45636,47956,37089
346,2011,Rhode Island,1051302,48.4,51.6,31.1,29277,64216,48444,48842,41412
347,2011,South Carolina,4679230,48.6,51.4,24.1,22598,54309,37468,41464,31330
348,2011,South Dakota,824082,49.8,50.2,26.3,24701,50398,36645,40285,31329
349,2011,Tennessee,6403353,48.7,51.3,23.6,23320,56848,40178,41309,33184
350,2011,Texas,25674681,49.6,50.4,26.4,24682,60748,43353,43160,35301
351,2011,Utah,2817222,50.3,49.7,29.7,22497,61681,39816,47573,32843
352,2011,Vermont,626431,49.2,50.8,35.4,28089,55107,45337,44057,38177
353,2011,Virginia,8096604,49.1,50.9,35.1,32123,72586,51817,52805,40969
354,2011,Washington,6830038,49.9,50.1,31.9,29278,68274,49926,53046,40993
355,2011,West Virginia,1855364,49.3,50.7,18.5,22060,55291,36565,42125,29688
356,2011,Wisconsin,5711767,49.6,50.4,26.5,26212,58419,42370,46214,35890
357,2011,Wyoming,568158,50.9,49.1,24.7,27973,60400,40139,51630,34381
358,2010,Alabama,4785298,48.5,51.5,21.9,21993,54855,37733,41895,31321
359,2010,Alaska,713985,52.2,47.8,27.9,30598,66610,49486,56643,42376
360,2010,Arizona,6413737,49.7,50.3,25.9,23618,58435,43363,43594,35947
361,2010,Arkansas,2921606,49,51,19.5,20725,50124,35216,39082,29148
362,2010,California,37349363,49.7,50.3,30.1,27353,67259,51973,49453,41302
363,2010,Colorado,5049071,50.1,49.9,36.4,28723,65319,47758,50237,39638
364,2010,Connecticut,3577073,48.6,51.4,35.5,35078,84265,55670,60168,46004
365,2010,Delaware,899769,48.5,51.5,27.8,27729,62697,46237,49013,39508
366,2010,District of Columbia,604453,47.3,52.7,50.1,41240,90115,70613,61381,56127
367,2010,Florida,18843326,48.9,51.1,25.8,24272,55661,40573,40731,32762
368,2010,Georgia,9712587,48.8,51.2,27.3,23383,59177,42505,43344,34709
369,2010,Hawaii,1363621,50.2,49.8,29.5,27537,55182,43155,45443,36242
370,2010,Idaho,1571450,50.1,49.9,24.4,20991,53496,35465,41128,30403
371,2010,Illinois,12843166,49,51,30.8,27325,66762,47339,50549,38638
372,2010,Indiana,6490621,49.3,50.7,22.7,22806,56431,39229,44851,32221
373,2010,Iowa,3049883,49.4,50.6,24.9,24883,53648,38331,42250,33186
374,2010,Kansas,2859169,49.6,50.4,29.8,24911,56731,39262,43773,32204
375,2010,Kentucky,4346266,49.2,50.8,20.5,21706,52996,37455,40911,31628
376,2010,Louisiana,4544228,49,51,21.4,22862,57585,36760,45524,30600
377,2010,Maine,1327567,48.9,51.1,26.8,24950,55279,39616,43029,33873
378,2010,Maryland,5785982,48.4,51.6,36.1,33772,74294,56675,57017,47175
379,2010,Massachusetts,6557254,48.3,51.7,39,33203,78162,55859,56959,46213
380,2010,Michigan,9877574,49.1,50.9,25.2,23622,60460,43342,48953,36413
381,2010,Minnesota,5310584,49.6,50.4,31.8,28563,64442,47047,50081,39289
382,2010,Mississippi,2970036,48.5,51.5,19.5,19096,48778,34529,38613,28879
383,2010,Missouri,5996231,48.9,51.1,25.6,23920,55989,39882,42282,32481
384,2010,Montana,990898,50.4,49.6,28.8,23552,51396,36319,41339,30306
385,2010,Nebraska,1830429,49.5,50.5,28.6,24744,53849,38071,41929,32022
386,2010,Nevada,2704642,50.5,49.5,21.7,25284,57095,44307,42689,35363
387,2010,New Hampshire,1316759,49.2,50.8,32.8,30949,67852,46345,51530,40185
388,2010,New Jersey,8801624,48.7,51.3,35.4,33555,80071,55879,57978,45936
389,2010,New Mexico,2065932,49.4,50.6,25,22150,51573,39662,41023,32234
390,2010,New York,19392283,48.4,51.6,32.5,30011,70791,52862,50228,41570
391,2010,North Carolina,9561558,48.7,51.3,26.5,23432,55933,40264,41138,33188
392,2010,North Dakota,674499,50.9,49.1,27.6,26021,53303,35985,42214,31027
393,2010,Ohio,11536182,48.8,51.2,24.6,23975,57746,41796,45859,35284
394,2010,Oklahoma,3761702,49.3,50.7,22.9,22254,52217,35908,40458,30901
395,2010,Oregon,3838957,49.5,50.5,28.8,24753,58752,43059,45685,35301
396,2010,Pennsylvania,12709630,48.7,51.3,27.1,26374,62270,44463,47038,36338
397,2010,Rhode Island,1052886,48.3,51.7,30.2,27667,64714,49103,50567,40532
398,2010,South Carolina,4636312,48.6,51.4,24.5,22128,53812,37745,41381,31518
399,2010,South Dakota,816463,50.4,49.6,26.3,23647,50060,35445,37442,30876
400,2010,Tennessee,6356897,48.7,51.3,23.1,22463,56025,38818,41415,31854
401,2010,Texas,25257114,49.6,50.4,25.9,23863,58958,41371,42044,33689
402,2010,Utah,2776469,50.3,49.7,29.3,22059,58579,38757,46609,32163
403,2010,Vermont,625960,49.2,50.8,33.6,26876,56411,42320,42562,35891
404,2010,Virginia,8024617,49.1,50.9,34.2,31313,70052,50751,51597,40669
405,2010,Washington,6744496,49.8,50.2,31.1,28364,66762,47686,52080,40246
406,2010,West Virginia,1853973,49.3,50.7,17.5,20953,51293,35335,42126,29651
407,2010,Wisconsin,5691047,49.7,50.3,26.3,25458,56942,41483,45523,35490
408,2010,Wyoming,564460,50.9,49.1,24.1,27616,57714,39330,50854,32426
